[{"gender":"Female","first_name":"Amy","last_name":"Andrews","email":"aandrews0@yale.edu","skill":"Social Media Marketing","company":"Voolith","dob":"3/10/1950","address":"96 Oneill Center"},
{"gender":"Female","first_name":"Martha","last_name":"Howard","email":"mhoward1@sun.com","skill":"Artistic Eye","company":"Divanoodle","dob":"1/25/1929","address":"35943 Dryden Lane"},
{"gender":"Male","first_name":"Johnny","last_name":"Thomas","email":"jthomas2@rakuten.co.jp","skill":"Criminal Law","company":"Nlounge","dob":"7/3/1962","address":"0 Cascade Lane"},
{"gender":"Female","first_name":"Amy","last_name":"Woods","email":"awoods3@addthis.com","skill":"PPPoA","company":"Brightdog","dob":"1/8/1956","address":"4482 Sherman Point"},
{"gender":"Male","first_name":"Chris","last_name":"Robertson","email":"crobertson4@123-reg.co.uk","skill":"Clinical Trials","company":"Zoomlounge","dob":"5/2/1989","address":"85 Mesta Lane"},
{"gender":"Female","first_name":"Maria","last_name":"Gonzalez","email":"mgonzalez5@theguardian.com","skill":"Successful Business Owner","company":"Lazz","dob":"10/14/1936","address":"96 International Drive"},
{"gender":"Female","first_name":"Christine","last_name":"Ellis","email":"cellis6@qq.com","skill":"LLC","company":"Riffpedia","dob":"6/16/1949","address":"3 Cody Point"},
{"gender":"Male","first_name":"Lawrence","last_name":"Jackson","email":"ljackson7@1und1.de","skill":"Android","company":"Zoomzone","dob":"4/7/1968","address":"89 Fieldstone Pass"},
{"gender":"Male","first_name":"Howard","last_name":"Carroll","email":"hcarroll8@twitpic.com","skill":"AC/DC","company":"Jaxnation","dob":"7/23/1934","address":"4 Golf Junction"},
{"gender":"Female","first_name":"Cynthia","last_name":"Fields","email":"cfields9@intel.com","skill":"VMware Certified Professional","company":"Skipfire","dob":"3/21/1987","address":"7387 Weeping Birch Drive"},
{"gender":"Female","first_name":"Virginia","last_name":"Palmer","email":"vpalmera@ox.ac.uk","skill":"EIFS","company":"Fliptune","dob":"8/14/1959","address":"30523 Main Trail"},
{"gender":"Male","first_name":"Peter","last_name":"Palmer","email":"ppalmerb@arizona.edu","skill":"AutoCAD Architecture","company":"Brightdog","dob":"3/20/1938","address":"29 Northwestern Parkway"},
{"gender":"Female","first_name":"Donna","last_name":"Diaz","email":"ddiazc@t.co","skill":"Kinect","company":"Jabbersphere","dob":"10/21/1996","address":"3849 Ryan Center"},
{"gender":"Male","first_name":"Kenneth","last_name":"Myers","email":"kmyersd@auda.org.au","skill":"Agile Methodologies","company":"Vinte","dob":"10/2/1947","address":"81258 Graedel Avenue"},
{"gender":"Female","first_name":"Debra","last_name":"Holmes","email":"dholmese@lulu.com","skill":"XML Gateway","company":"Tekfly","dob":"3/4/1976","address":"57878 Anniversary Place"},
{"gender":"Male","first_name":"Roy","last_name":"Snyder","email":"rsnyderf@google.fr","skill":"Civil Litigation","company":"Roodel","dob":"12/8/1958","address":"630 Jenifer Street"},
{"gender":"Male","first_name":"Henry","last_name":"Allen","email":"halleng@jugem.jp","skill":"Amazon RDS","company":"Leenti","dob":"5/20/2011","address":"1 Mendota Center"},
{"gender":"Male","first_name":"Raymond","last_name":"Dunn","email":"rdunnh@simplemachines.org","skill":"SFE","company":"Topicstorm","dob":"3/24/2008","address":"7 Grasskamp Plaza"},
{"gender":"Male","first_name":"Michael","last_name":"Martin","email":"mmartini@nba.com","skill":"Driving Results","company":"Shuffledrive","dob":"11/10/2003","address":"702 Roxbury Trail"},
{"gender":"Female","first_name":"Norma","last_name":"Butler","email":"nbutlerj@blogspot.com","skill":"Typewriter","company":"Zooveo","dob":"12/31/1957","address":"809 Rieder Avenue"},
{"gender":"Male","first_name":"Mark","last_name":"Mcdonald","email":"mmcdonaldk@webmd.com","skill":"Teaching","company":"Camido","dob":"1/4/1996","address":"40764 Summerview Drive"},
{"gender":"Male","first_name":"Gary","last_name":"Mason","email":"gmasonl@tiny.cc","skill":"PMAs","company":"Agimba","dob":"5/23/1944","address":"28 Novick Hill"},
{"gender":"Male","first_name":"George","last_name":"Owens","email":"gowensm@surveymonkey.com","skill":"IBM AIX","company":"Avamba","dob":"12/6/2013","address":"66882 Utah Center"},
{"gender":"Male","first_name":"Jack","last_name":"Phillips","email":"jphillipsn@admin.ch","skill":"Sea Kayaking","company":"Abatz","dob":"10/14/1978","address":"327 Corry Plaza"},
{"gender":"Male","first_name":"Ryan","last_name":"Lane","email":"rlaneo@meetup.com","skill":"Amazon Kindle","company":"Twitternation","dob":"2/8/1979","address":"83 Sundown Avenue"},
{"gender":"Female","first_name":"Heather","last_name":"Gutierrez","email":"hgutierrezp@wordpress.com","skill":"ATLS","company":"Zoonder","dob":"1/6/1924","address":"9222 Clemons Street"},
{"gender":"Male","first_name":"William","last_name":"Perkins","email":"wperkinsq@furl.net","skill":"Small Business","company":"Devpulse","dob":"2/26/1930","address":"19 Carberry Trail"},
{"gender":"Female","first_name":"Elizabeth","last_name":"Thompson","email":"ethompsonr@hexun.com","skill":"Oligonucleotides","company":"Avavee","dob":"2/4/1984","address":"5 Northridge Road"},
{"gender":"Female","first_name":"Denise","last_name":"Harvey","email":"dharveys@jalbum.net","skill":"Design Thinking","company":"Linkbuzz","dob":"1/22/1989","address":"19 Sherman Pass"},
{"gender":"Female","first_name":"Christine","last_name":"Williamson","email":"cwilliamsont@biblegateway.com","skill":"NSS","company":"Mudo","dob":"6/23/1941","address":"01 Moose Place"},
{"gender":"Male","first_name":"Robert","last_name":"Carpenter","email":"rcarpenteru@theguardian.com","skill":"SDLC","company":"Thoughtstorm","dob":"6/21/1934","address":"1954 Westridge Parkway"},
{"gender":"Female","first_name":"Melissa","last_name":"Allen","email":"mallenv@cbc.ca","skill":"Sound FX Editing","company":"Yakidoo","dob":"2/22/1993","address":"946 Dovetail Hill"},
{"gender":"Male","first_name":"Martin","last_name":"Reynolds","email":"mreynoldsw@webmd.com","skill":"XTRACT","company":"Blogpad","dob":"8/26/1930","address":"80 Sachtjen Lane"},
{"gender":"Male","first_name":"Ernest","last_name":"Wood","email":"ewoodx@sogou.com","skill":"Gstreamer","company":"Browsecat","dob":"6/21/1941","address":"7782 Homewood Crossing"},
{"gender":"Female","first_name":"Paula","last_name":"Murray","email":"pmurrayy@exblog.jp","skill":"KPO","company":"Kaymbo","dob":"6/18/1978","address":"36128 Longview Crossing"},
{"gender":"Female","first_name":"Kimberly","last_name":"Williamson","email":"kwilliamsonz@google.nl","skill":"Play by Play","company":"Zava","dob":"3/9/1972","address":"42 Debs Center"},
{"gender":"Male","first_name":"Robert","last_name":"Long","email":"rlong10@digg.com","skill":"Farms","company":"Rooxo","dob":"11/15/2007","address":"45 Eastlawn Circle"},
{"gender":"Female","first_name":"Beverly","last_name":"Bell","email":"bbell11@ucsd.edu","skill":"FHA","company":"Photobug","dob":"3/27/2013","address":"700 Packers Way"},
{"gender":"Female","first_name":"Christine","last_name":"Henderson","email":"chenderson12@newyorker.com","skill":"VB.NET","company":"Skinte","dob":"8/2/1978","address":"94 Mitchell Way"},
{"gender":"Male","first_name":"Willie","last_name":"Hamilton","email":"whamilton13@archive.org","skill":"KVM Switches","company":"Kaymbo","dob":"11/2/1937","address":"053 Delladonna Junction"},
{"gender":"Male","first_name":"Harry","last_name":"Smith","email":"hsmith14@china.com.cn","skill":"PFI","company":"Eimbee","dob":"11/19/1944","address":"4 Sutherland Center"},
{"gender":"Female","first_name":"Laura","last_name":"Davis","email":"ldavis15@omniture.com","skill":"Integration","company":"Tazzy","dob":"4/24/1978","address":"7 Morning Plaza"},
{"gender":"Female","first_name":"Donna","last_name":"Rice","email":"drice16@biblegateway.com","skill":"XML Schema Design","company":"Skyvu","dob":"2/7/1937","address":"8 Havey Circle"},
{"gender":"Male","first_name":"Henry","last_name":"Montgomery","email":"hmontgomery17@cbslocal.com","skill":"RFI","company":"Blogtags","dob":"7/30/1994","address":"15 Bashford Terrace"},
{"gender":"Female","first_name":"Christine","last_name":"Robertson","email":"crobertson18@csmonitor.com","skill":"Amazon EC2","company":"Twitterwire","dob":"9/5/1963","address":"05742 Farragut Center"},
{"gender":"Male","first_name":"Ronald","last_name":"Hansen","email":"rhansen19@tinypic.com","skill":"IDS","company":"Edgeclub","dob":"3/9/1924","address":"92 Bonner Street"},
{"gender":"Male","first_name":"Michael","last_name":"Chapman","email":"mchapman1a@reverbnation.com","skill":"HQL","company":"Roomm","dob":"3/16/1930","address":"1 Bunting Point"},
{"gender":"Female","first_name":"Julia","last_name":"Perry","email":"jperry1b@indiegogo.com","skill":"FQL","company":"Trupe","dob":"12/13/1947","address":"9 Northport Way"},
{"gender":"Male","first_name":"Jeffrey","last_name":"Oliver","email":"joliver1c@yellowpages.com","skill":"EMR","company":"Brightdog","dob":"5/28/1958","address":"722 Mallard Court"},
{"gender":"Male","first_name":"Walter","last_name":"Mendoza","email":"wmendoza1d@illinois.edu","skill":"TV Production","company":"Jaxworks","dob":"11/1/1965","address":"88650 Bluestem Court"},
{"gender":"Male","first_name":"Donald","last_name":"Roberts","email":"droberts1e@slate.com","skill":"Metal Fabrication","company":"Realcube","dob":"6/27/1939","address":"3884 Browning Avenue"},
{"gender":"Female","first_name":"Lisa","last_name":"Richardson","email":"lrichardson1f@wikipedia.org","skill":"AAT","company":"Jetwire","dob":"5/16/1946","address":"322 Lake View Circle"},
{"gender":"Male","first_name":"Joe","last_name":"Gomez","email":"jgomez1g@joomla.org","skill":"Cash Flow","company":"Flashdog","dob":"3/23/1950","address":"9 Lindbergh Park"},
{"gender":"Female","first_name":"Donna","last_name":"Burns","email":"dburns1h@oaic.gov.au","skill":"Art Direction","company":"Gabtype","dob":"1/10/1977","address":"09227 Steensland Plaza"},
{"gender":"Male","first_name":"Terry","last_name":"Little","email":"tlittle1i@howstuffworks.com","skill":"Immunohistochemistry","company":"Zoombox","dob":"5/5/1978","address":"443 Waxwing Drive"},
{"gender":"Male","first_name":"Walter","last_name":"Bell","email":"wbell1j@pinterest.com","skill":"Outdoor Education","company":"Oyoba","dob":"11/14/2006","address":"90290 Debra Lane"},
{"gender":"Female","first_name":"Patricia","last_name":"Hansen","email":"phansen1k@paypal.com","skill":"Zooarchaeology","company":"Feedfire","dob":"8/27/1953","address":"9664 Lerdahl Road"},
{"gender":"Female","first_name":"Robin","last_name":"Adams","email":"radams1l@photobucket.com","skill":"SBMS","company":"Voonte","dob":"6/18/1960","address":"8326 Novick Pass"},
{"gender":"Female","first_name":"Marilyn","last_name":"Andrews","email":"mandrews1m@yale.edu","skill":"Trimble GPS","company":"Leenti","dob":"10/29/1987","address":"253 Orin Court"},
{"gender":"Female","first_name":"Carolyn","last_name":"Bryant","email":"cbryant1n@360.cn","skill":"MVVM","company":"Zoomzone","dob":"6/9/1935","address":"941 Haas Terrace"},
{"gender":"Female","first_name":"Sarah","last_name":"Cunningham","email":"scunningham1o@mac.com","skill":"CVM","company":"Vitz","dob":"7/14/2006","address":"256 Butterfield Alley"},
{"gender":"Male","first_name":"Roy","last_name":"Frazier","email":"rfrazier1p@tinypic.com","skill":"Registered Nurses","company":"Vipe","dob":"11/7/1973","address":"87455 Dakota Point"},
{"gender":"Female","first_name":"Robin","last_name":"Bowman","email":"rbowman1q@jalbum.net","skill":"Intercultural Awareness","company":"Skynoodle","dob":"5/6/1962","address":"5476 Bayside Center"},
{"gender":"Male","first_name":"Arthur","last_name":"Bailey","email":"abailey1r@fc2.com","skill":"Musical Theatre","company":"Brainverse","dob":"6/10/2009","address":"60407 Lindbergh Pass"},
{"gender":"Male","first_name":"Dennis","last_name":"Bowman","email":"dbowman1s@ihg.com","skill":"HCS 2000","company":"Browsebug","dob":"10/14/1928","address":"4 Susan Circle"},
{"gender":"Female","first_name":"Marie","last_name":"Ferguson","email":"mferguson1t@deliciousdays.com","skill":"Short Sales","company":"Realfire","dob":"3/14/1958","address":"69741 Hazelcrest Way"},
{"gender":"Female","first_name":"Shirley","last_name":"Howell","email":"showell1u@hubpages.com","skill":"Commercial Awareness","company":"Tekfly","dob":"5/20/1939","address":"4700 Sunfield Alley"},
{"gender":"Female","first_name":"Joan","last_name":"Watson","email":"jwatson1v@wp.com","skill":"Uranium","company":"Reallinks","dob":"8/30/1937","address":"69 Eagle Crest Circle"},
{"gender":"Male","first_name":"Bruce","last_name":"Reid","email":"breid1w@wsj.com","skill":"IEC 62304","company":"Plambee","dob":"3/11/1941","address":"0138 Grasskamp Terrace"},
{"gender":"Male","first_name":"Jack","last_name":"Matthews","email":"jmatthews1x@github.com","skill":"Candidate Generation","company":"Oyondu","dob":"4/24/1995","address":"0 Kensington Alley"},
{"gender":"Female","first_name":"Judy","last_name":"Young","email":"jyoung1y@reuters.com","skill":"Eplan","company":"Fadeo","dob":"2/10/1952","address":"9 Lillian Crossing"},
{"gender":"Female","first_name":"Heather","last_name":"White","email":"hwhite1z@histats.com","skill":"FTTP","company":"Edgewire","dob":"7/30/1958","address":"536 Forest Run Place"},
{"gender":"Female","first_name":"Anne","last_name":"Ward","email":"award20@usnews.com","skill":"Kubuntu","company":"Yata","dob":"6/4/1957","address":"0 3rd Alley"},
{"gender":"Female","first_name":"Linda","last_name":"Mendoza","email":"lmendoza21@networksolutions.com","skill":"Photoshop","company":"Innojam","dob":"5/19/1959","address":"350 Sunnyside Center"},
{"gender":"Male","first_name":"Arthur","last_name":"Hamilton","email":"ahamilton22@163.com","skill":"Zachman","company":"Topiczoom","dob":"10/18/1948","address":"883 Barnett Hill"},
{"gender":"Female","first_name":"Heather","last_name":"Richardson","email":"hrichardson23@redcross.org","skill":"LS-DYNA","company":"Gabspot","dob":"6/28/1921","address":"123 Maryland Road"},
{"gender":"Male","first_name":"Shawn","last_name":"Stanley","email":"sstanley24@topsy.com","skill":"HBA","company":"Muxo","dob":"10/27/1945","address":"203 Spenser Lane"},
{"gender":"Male","first_name":"Howard","last_name":"Greene","email":"hgreene25@economist.com","skill":"Utility Regulation","company":"Jaxspan","dob":"10/23/1935","address":"71 Oakridge Street"},
{"gender":"Male","first_name":"Peter","last_name":"Rogers","email":"progers26@examiner.com","skill":"AHLTA","company":"Devify","dob":"7/2/1943","address":"20 Havey Lane"},
{"gender":"Male","first_name":"Sean","last_name":"Cox","email":"scox27@intel.com","skill":"Visual Merchandising","company":"Meevee","dob":"3/23/2011","address":"89748 Garrison Parkway"},
{"gender":"Male","first_name":"Harold","last_name":"Montgomery","email":"hmontgomery28@reverbnation.com","skill":"nCode","company":"Skipfire","dob":"1/27/1957","address":"2708 Ronald Regan Trail"},
{"gender":"Male","first_name":"Harry","last_name":"Miller","email":"hmiller29@163.com","skill":"Low Voltage","company":"Ntags","dob":"6/13/1951","address":"5 Elka Street"},
{"gender":"Female","first_name":"Kathryn","last_name":"Reynolds","email":"kreynolds2a@biglobe.ne.jp","skill":"Yammer","company":"Voonix","dob":"4/18/1946","address":"08 Redwing Plaza"},
{"gender":"Male","first_name":"Brian","last_name":"Hughes","email":"bhughes2b@seesaa.net","skill":"Digital Video","company":"Chatterbridge","dob":"7/1/1960","address":"3347 Crest Line Street"},
{"gender":"Male","first_name":"Howard","last_name":"Kennedy","email":"hkennedy2c@europa.eu","skill":"Omeka","company":"Cogilith","dob":"2/26/2003","address":"1 Lillian Point"},
{"gender":"Female","first_name":"Carolyn","last_name":"Nichols","email":"cnichols2d@ed.gov","skill":"Quality Management","company":"Jabbersphere","dob":"7/10/1956","address":"375 Hansons Hill"},
{"gender":"Female","first_name":"Katherine","last_name":"Montgomery","email":"kmontgomery2e@tinyurl.com","skill":"OWL","company":"Miboo","dob":"7/25/1970","address":"8 Brickson Park Road"},
{"gender":"Female","first_name":"Frances","last_name":"Cunningham","email":"fcunningham2f@dyndns.org","skill":"Ergonomics","company":"Blogtag","dob":"12/13/1972","address":"97 Mosinee Parkway"},
{"gender":"Female","first_name":"Margaret","last_name":"Ford","email":"mford2g@github.io","skill":"Computer Graphics","company":"Twitterbridge","dob":"8/1/1953","address":"9607 Kingsford Trail"},
{"gender":"Female","first_name":"Judith","last_name":"Fields","email":"jfields2h@oracle.com","skill":"FDQM","company":"Avaveo","dob":"12/20/1968","address":"9 Dixon Lane"},
{"gender":"Female","first_name":"Kimberly","last_name":"Armstrong","email":"karmstrong2i@tamu.edu","skill":"CPR Instruction","company":"Edgetag","dob":"4/20/2004","address":"4 Westend Pass"},
{"gender":"Male","first_name":"Eugene","last_name":"Boyd","email":"eboyd2j@live.com","skill":"Psychology","company":"Avamba","dob":"5/27/1945","address":"216 5th Terrace"},
{"gender":"Female","first_name":"Alice","last_name":"Diaz","email":"adiaz2k@xrea.com","skill":"GPCRs","company":"Innojam","dob":"4/11/2013","address":"575 Kings Avenue"},
{"gender":"Female","first_name":"Emily","last_name":"Morrison","email":"emorrison2l@sbwire.com","skill":"OECD","company":"Oyondu","dob":"4/23/2011","address":"80 Arizona Alley"},
{"gender":"Female","first_name":"Anna","last_name":"Miller","email":"amiller2m@angelfire.com","skill":"MPI","company":"Rhybox","dob":"6/20/2000","address":"553 Chinook Parkway"},
{"gender":"Female","first_name":"Laura","last_name":"Cole","email":"lcole2n@multiply.com","skill":"HTK","company":"Ntags","dob":"5/17/1964","address":"463 Autumn Leaf Park"},
{"gender":"Female","first_name":"Gloria","last_name":"Russell","email":"grussell2o@chicagotribune.com","skill":"Facilities Management","company":"Roodel","dob":"1/10/1921","address":"18 Packers Parkway"},
{"gender":"Female","first_name":"Emily","last_name":"Cox","email":"ecox2p@flickr.com","skill":"Aquaculture","company":"Buzzster","dob":"5/16/1943","address":"10 Warrior Lane"},
{"gender":"Female","first_name":"Kathryn","last_name":"Peters","email":"kpeters2q@indiegogo.com","skill":"Copywriting","company":"Thoughtstorm","dob":"5/7/1959","address":"99 Katie Way"},
{"gender":"Male","first_name":"Peter","last_name":"Carroll","email":"pcarroll2r@addtoany.com","skill":"Budgeting","company":"Wikizz","dob":"3/20/1954","address":"4700 Walton Park"},
{"gender":"Female","first_name":"Helen","last_name":"Henderson","email":"hhenderson2s@technorati.com","skill":"Ideas NX","company":"Mybuzz","dob":"8/20/2013","address":"69086 Dwight Point"},
{"gender":"Female","first_name":"Anna","last_name":"Ruiz","email":"aruiz2t@nba.com","skill":"DNA quantification","company":"Devify","dob":"2/18/1983","address":"0 Anthes Center"},
{"gender":"Male","first_name":"Robert","last_name":"Washington","email":"rwashington2u@pen.io","skill":"FBT","company":"Blogtag","dob":"11/24/1956","address":"25244 Oak Valley Center"},
{"gender":"Male","first_name":"Fred","last_name":"Larson","email":"flarson2v@taobao.com","skill":"IVD","company":"Vitz","dob":"1/17/1960","address":"526 Memorial Crossing"},
{"gender":"Female","first_name":"Patricia","last_name":"Holmes","email":"pholmes2w@usda.gov","skill":"Social TV","company":"Skiba","dob":"3/21/1997","address":"6 Westerfield Alley"},
{"gender":"Female","first_name":"Martha","last_name":"Dean","email":"mdean2x@dailymail.co.uk","skill":"Networking","company":"Zoozzy","dob":"3/10/1988","address":"734 Marquette Crossing"},
{"gender":"Female","first_name":"Paula","last_name":"Stewart","email":"pstewart2y@nbcnews.com","skill":"Ozone Therapy","company":"Twinte","dob":"9/27/1971","address":"22002 Novick Terrace"},
{"gender":"Female","first_name":"Janet","last_name":"Myers","email":"jmyers2z@ning.com","skill":"YUI","company":"Realcube","dob":"6/11/2015","address":"36944 Dapin Trail"},
{"gender":"Male","first_name":"Steve","last_name":"Robinson","email":"srobinson30@google.it","skill":"Technical Support","company":"Youopia","dob":"1/2/2012","address":"18 Manley Plaza"},
{"gender":"Male","first_name":"Sean","last_name":"Jordan","email":"sjordan31@vistaprint.com","skill":"Coastal Zone Management","company":"Jamia","dob":"4/10/1959","address":"8216 Summit Street"},
{"gender":"Female","first_name":"Julie","last_name":"Dean","email":"jdean32@163.com","skill":"Ubiquitous Computing","company":"Riffpedia","dob":"8/2/1961","address":"3 Victoria Pass"},
{"gender":"Female","first_name":"Julia","last_name":"Hamilton","email":"jhamilton33@msu.edu","skill":"Value Stream Mapping","company":"Zava","dob":"4/26/1938","address":"00812 Bowman Plaza"},
{"gender":"Female","first_name":"Judith","last_name":"Fernandez","email":"jfernandez34@naver.com","skill":"Computer System Validation","company":"Aimbu","dob":"1/20/1996","address":"751 Victoria Place"},
{"gender":"Female","first_name":"Lillian","last_name":"Baker","email":"lbaker35@netscape.com","skill":"Waterfall","company":"InnoZ","dob":"9/22/1921","address":"55476 Washington Circle"},
{"gender":"Female","first_name":"Jennifer","last_name":"Miller","email":"jmiller36@noaa.gov","skill":"FMCSR","company":"Cogilith","dob":"9/8/1979","address":"040 High Crossing Center"},
{"gender":"Female","first_name":"Kelly","last_name":"Kennedy","email":"kkennedy37@timesonline.co.uk","skill":"LSP","company":"Babbleopia","dob":"2/16/1968","address":"631 Vahlen Pass"},
{"gender":"Male","first_name":"Bruce","last_name":"Long","email":"blong38@dmoz.org","skill":"nCode","company":"Brainverse","dob":"10/5/2014","address":"90 Charing Cross Parkway"},
{"gender":"Male","first_name":"Fred","last_name":"Jackson","email":"fjackson39@digg.com","skill":"Commercial Piloting","company":"Tagpad","dob":"12/4/2010","address":"8350 Linden Plaza"},
{"gender":"Male","first_name":"Benjamin","last_name":"Moore","email":"bmoore3a@ucla.edu","skill":"CTMS","company":"Aivee","dob":"6/26/1975","address":"54463 Bartelt Alley"},
{"gender":"Female","first_name":"Teresa","last_name":"Mason","email":"tmason3b@blogs.com","skill":"Content Writing","company":"Flipstorm","dob":"5/26/1939","address":"7 Moulton Place"},
{"gender":"Male","first_name":"Juan","last_name":"Rice","email":"jrice3c@stanford.edu","skill":"Hypnosis","company":"Brainsphere","dob":"12/19/1983","address":"53 Forest Run Center"},
{"gender":"Female","first_name":"Shirley","last_name":"Clark","email":"sclark3d@accuweather.com","skill":"PMC","company":"Flipopia","dob":"1/10/1936","address":"1671 Iowa Park"},
{"gender":"Male","first_name":"Keith","last_name":"Banks","email":"kbanks3e@weibo.com","skill":"TCP/IP","company":"Photobug","dob":"4/25/1927","address":"6282 Fairview Pass"},
{"gender":"Male","first_name":"Peter","last_name":"Romero","email":"promero3f@fc2.com","skill":"PVElite","company":"InnoZ","dob":"2/21/1997","address":"8 South Point"},
{"gender":"Female","first_name":"Janet","last_name":"Reyes","email":"jreyes3g@springer.com","skill":"PBUSE","company":"Cogibox","dob":"6/17/1998","address":"881 Kenwood Way"},
{"gender":"Female","first_name":"Sarah","last_name":"Henderson","email":"shenderson3h@github.io","skill":"Foreign Policy","company":"Browsedrive","dob":"8/17/1986","address":"8201 Northland Terrace"},
{"gender":"Female","first_name":"Heather","last_name":"Woods","email":"hwoods3i@yahoo.co.jp","skill":"1H NMR","company":"Buzzdog","dob":"1/8/2016","address":"34 Stoughton Parkway"},
{"gender":"Female","first_name":"Sandra","last_name":"Garrett","email":"sgarrett3j@tumblr.com","skill":"FCPA","company":"Shufflester","dob":"11/7/1928","address":"83546 Florence Center"},
{"gender":"Female","first_name":"Teresa","last_name":"Holmes","email":"tholmes3k@cdbaby.com","skill":"Avid DS Nitris","company":"Wikibox","dob":"6/6/1935","address":"313 Forest Circle"},
{"gender":"Male","first_name":"Steve","last_name":"Powell","email":"spowell3l@si.edu","skill":"Food \u0026amp; Beverage","company":"Meezzy","dob":"10/17/2008","address":"522 Porter Parkway"},
{"gender":"Female","first_name":"Deborah","last_name":"Wells","email":"dwells3m@squidoo.com","skill":"Myofascial Release","company":"Midel","dob":"5/26/1999","address":"47963 Helena Circle"},
{"gender":"Female","first_name":"Annie","last_name":"Pierce","email":"apierce3n@cocolog-nifty.com","skill":"SFR","company":"Devpoint","dob":"3/16/2011","address":"57 Mariners Cove Plaza"},
{"gender":"Male","first_name":"Ralph","last_name":"Adams","email":"radams3o@google.it","skill":"ProSystem fx Engagement","company":"Rhycero","dob":"6/3/1945","address":"14977 Mallory Drive"},
{"gender":"Male","first_name":"Alan","last_name":"Jenkins","email":"ajenkins3p@mlb.com","skill":"ABAP Web Dynpro","company":"Dabvine","dob":"2/16/1931","address":"434 Old Gate Street"},
{"gender":"Male","first_name":"Eric","last_name":"Stephens","email":"estephens3q@ifeng.com","skill":"Airworthiness","company":"Flipstorm","dob":"1/28/1958","address":"77708 Red Cloud Drive"},
{"gender":"Female","first_name":"Nancy","last_name":"Wilson","email":"nwilson3r@examiner.com","skill":"TPR","company":"Devpoint","dob":"6/12/1952","address":"5127 Truax Circle"},
{"gender":"Female","first_name":"Annie","last_name":"Lee","email":"alee3s@wikimedia.org","skill":"MBR","company":"Tazz","dob":"7/7/1926","address":"442 Burrows Alley"},
{"gender":"Female","first_name":"Judy","last_name":"Bowman","email":"jbowman3t@fotki.com","skill":"Cloud Computing","company":"Yacero","dob":"6/27/2011","address":"6687 Welch Circle"},
{"gender":"Male","first_name":"Robert","last_name":"Fisher","email":"rfisher3u@issuu.com","skill":"Graphic Illustrations","company":"Wikizz","dob":"6/23/1999","address":"8172 Memorial Point"},
{"gender":"Male","first_name":"Richard","last_name":"James","email":"rjames3v@sina.com.cn","skill":"QAS","company":"Tambee","dob":"11/12/1945","address":"3 Tomscot Road"},
{"gender":"Male","first_name":"Frank","last_name":"Snyder","email":"fsnyder3w@nih.gov","skill":"Ultrafast Spectroscopy","company":"Skipstorm","dob":"2/25/1925","address":"85425 3rd Plaza"},
{"gender":"Male","first_name":"Henry","last_name":"Cole","email":"hcole3x@goo.ne.jp","skill":"Office Equipment","company":"Skynoodle","dob":"6/17/1983","address":"71 Oriole Hill"},
{"gender":"Male","first_name":"Brandon","last_name":"Ryan","email":"bryan3y@buzzfeed.com","skill":"XSL","company":"Centimia","dob":"2/6/1951","address":"2 Schmedeman Trail"},
{"gender":"Female","first_name":"Jane","last_name":"Tucker","email":"jtucker3z@mayoclinic.com","skill":"Aquatics","company":"Trilia","dob":"9/12/1941","address":"6895 Monica Crossing"},
{"gender":"Male","first_name":"Victor","last_name":"Garcia","email":"vgarcia40@twitpic.com","skill":"Cash Management","company":"Kamba","dob":"11/11/1953","address":"59 Forest Drive"},
{"gender":"Female","first_name":"Rebecca","last_name":"Barnes","email":"rbarnes41@360.cn","skill":"Global Human Resources Management","company":"Jabbercube","dob":"8/16/1986","address":"8 Onsgard Hill"},
{"gender":"Female","first_name":"Wanda","last_name":"Allen","email":"wallen42@sitemeter.com","skill":"Sales Operations","company":"Skajo","dob":"12/8/2015","address":"4805 Merrick Pass"},
{"gender":"Male","first_name":"Adam","last_name":"Cole","email":"acole43@boston.com","skill":"MDF","company":"Thoughtsphere","dob":"4/6/1996","address":"6 Algoma Drive"},
{"gender":"Male","first_name":"Joshua","last_name":"Peterson","email":"jpeterson44@dedecms.com","skill":"HCPCS","company":"Kaymbo","dob":"11/26/1954","address":"68 Vahlen Place"},
{"gender":"Female","first_name":"Alice","last_name":"Gilbert","email":"agilbert45@hexun.com","skill":"Branding \u0026amp; Identity","company":"Devify","dob":"4/30/1947","address":"75 Oakridge Plaza"},
{"gender":"Male","first_name":"Jeffrey","last_name":"Richards","email":"jrichards46@acquirethisname.com","skill":"Young People","company":"Skimia","dob":"8/27/1926","address":"989 Thompson Park"},
{"gender":"Female","first_name":"Phyllis","last_name":"Lewis","email":"plewis47@myspace.com","skill":"MP3","company":"Aibox","dob":"4/22/1979","address":"6 Kinsman Avenue"},
{"gender":"Female","first_name":"Sarah","last_name":"Simmons","email":"ssimmons48@flickr.com","skill":"HMO","company":"Gabspot","dob":"2/8/1963","address":"6015 Schmedeman Pass"},
{"gender":"Female","first_name":"Karen","last_name":"Kim","email":"kkim49@senate.gov","skill":"Google Adwords","company":"Zoombox","dob":"1/17/1957","address":"447 Vahlen Center"},
{"gender":"Male","first_name":"Anthony","last_name":"Fernandez","email":"afernandez4a@hibu.com","skill":"Export","company":"Mymm","dob":"9/29/2005","address":"48610 Farmco Drive"},
{"gender":"Male","first_name":"Gerald","last_name":"Kelley","email":"gkelley4b@alibaba.com","skill":"Core Banking","company":"Edgeify","dob":"1/27/1954","address":"21265 Manley Road"},
{"gender":"Female","first_name":"Brenda","last_name":"Armstrong","email":"barmstrong4c@foxnews.com","skill":"WinForms","company":"Ozu","dob":"8/18/1998","address":"4 Forest Crossing"},
{"gender":"Female","first_name":"Ruby","last_name":"Owens","email":"rowens4d@chronoengine.com","skill":"RDMA","company":"Voonyx","dob":"11/19/1928","address":"78545 Stephen Park"},
{"gender":"Male","first_name":"Stephen","last_name":"Meyer","email":"smeyer4e@va.gov","skill":"DNA methylation","company":"Oyope","dob":"10/30/1974","address":"14362 Delaware Street"},
{"gender":"Male","first_name":"Michael","last_name":"Matthews","email":"mmatthews4f@indiegogo.com","skill":"Income Tax","company":"Quire","dob":"4/1/1980","address":"75419 Bellgrove Terrace"},
{"gender":"Female","first_name":"Jean","last_name":"Woods","email":"jwoods4g@ca.gov","skill":"Civil Rights","company":"Dabtype","dob":"12/10/1941","address":"351 Farmco Street"},
{"gender":"Female","first_name":"Nancy","last_name":"Welch","email":"nwelch4h@elegantthemes.com","skill":"Event Photography","company":"Flipopia","dob":"3/9/2012","address":"037 Loftsgordon Lane"},
{"gender":"Male","first_name":"Shawn","last_name":"Kim","email":"skim4i@networksolutions.com","skill":"Reaction Kinetics","company":"Latz","dob":"12/10/1976","address":"19 Jay Lane"},
{"gender":"Female","first_name":"Marilyn","last_name":"Harvey","email":"mharvey4j@berkeley.edu","skill":"Kaspersky Antivirus","company":"Pixonyx","dob":"12/29/1964","address":"9767 Glacier Hill Lane"},
{"gender":"Female","first_name":"Margaret","last_name":"Fox","email":"mfox4k@hc360.com","skill":"Value Engineering","company":"Buzzshare","dob":"1/9/1982","address":"10 Cody Place"},
{"gender":"Male","first_name":"Steve","last_name":"Hudson","email":"shudson4l@engadget.com","skill":"Healthcare Industry","company":"Wikizz","dob":"7/26/1956","address":"906 Scott Junction"},
{"gender":"Male","first_name":"George","last_name":"Rice","email":"grice4m@archive.org","skill":"Joomla","company":"InnoZ","dob":"2/7/1936","address":"7 Washington Court"},
{"gender":"Male","first_name":"Jeffrey","last_name":"Myers","email":"jmyers4n@adobe.com","skill":"Active DoD Secret Clearance","company":"Eire","dob":"1/31/1938","address":"005 Gerald Street"},
{"gender":"Female","first_name":"Ruth","last_name":"Fox","email":"rfox4o@google.ru","skill":"Fashion Design","company":"Skidoo","dob":"5/19/1992","address":"88 Nevada Drive"},
{"gender":"Male","first_name":"Larry","last_name":"Griffin","email":"lgriffin4p@csmonitor.com","skill":"QAD","company":"Livetube","dob":"6/18/1931","address":"59525 Amoth Avenue"},
{"gender":"Male","first_name":"Jose","last_name":"Hudson","email":"jhudson4q@army.mil","skill":"High Yield","company":"Skiba","dob":"10/1/1972","address":"23734 Vernon Plaza"},
{"gender":"Male","first_name":"William","last_name":"Hall","email":"whall4r@about.me","skill":"xBase","company":"Flipbug","dob":"6/4/1981","address":"964 Meadow Valley Road"},
{"gender":"Male","first_name":"Antonio","last_name":"Marshall","email":"amarshall4s@wp.com","skill":"SBEM","company":"Riffpedia","dob":"8/30/2010","address":"517 Vernon Street"},
{"gender":"Male","first_name":"Joshua","last_name":"Henderson","email":"jhenderson4t@rediff.com","skill":"Youth Outreach","company":"Gabvine","dob":"12/27/1965","address":"07602 Anniversary Point"},
{"gender":"Male","first_name":"Joseph","last_name":"Burke","email":"jburke4u@xing.com","skill":"Computer System Validation","company":"Innojam","dob":"12/22/1982","address":"09743 Golf View Crossing"},
{"gender":"Female","first_name":"Lois","last_name":"Stewart","email":"lstewart4v@dell.com","skill":"Rheumatoid Arthritis","company":"LiveZ","dob":"9/30/2008","address":"72251 Harbort Circle"},
{"gender":"Female","first_name":"Angela","last_name":"Long","email":"along4w@illinois.edu","skill":"Omeka","company":"Latz","dob":"10/9/1957","address":"10838 6th Avenue"},
{"gender":"Male","first_name":"Todd","last_name":"Wheeler","email":"twheeler4x@dailymail.co.uk","skill":"Call Centers","company":"Flashdog","dob":"4/23/1933","address":"1126 Fieldstone Court"},
{"gender":"Female","first_name":"Andrea","last_name":"James","email":"ajames4y@hibu.com","skill":"NDT","company":"Brainlounge","dob":"2/3/1974","address":"49 Hoard Hill"},
{"gender":"Female","first_name":"Judy","last_name":"Rogers","email":"jrogers4z@bing.com","skill":"BMPs","company":"Youopia","dob":"3/4/1999","address":"484 Kinsman Crossing"},
{"gender":"Female","first_name":"Louise","last_name":"Stewart","email":"lstewart50@pinterest.com","skill":"Charitable Giving","company":"Zoovu","dob":"10/7/1963","address":"29082 Washington Point"},
{"gender":"Female","first_name":"Patricia","last_name":"Reed","email":"preed51@geocities.jp","skill":"McData","company":"Fiveclub","dob":"2/25/1928","address":"4 Porter Lane"},
{"gender":"Male","first_name":"Daniel","last_name":"Gonzales","email":"dgonzales52@reddit.com","skill":"End User Training","company":"Tagcat","dob":"6/17/1920","address":"2 Corry Terrace"},
{"gender":"Male","first_name":"Shawn","last_name":"Armstrong","email":"sarmstrong53@netvibes.com","skill":"Gw Basic","company":"Skivee","dob":"9/10/1937","address":"1 Lien Crossing"},
{"gender":"Female","first_name":"Shirley","last_name":"Sanchez","email":"ssanchez54@rakuten.co.jp","skill":"Urban Geography","company":"Fiveclub","dob":"11/8/2000","address":"20145 Shopko Street"},
{"gender":"Female","first_name":"Virginia","last_name":"Alvarez","email":"valvarez55@accuweather.com","skill":"Festivals","company":"Camimbo","dob":"8/15/1976","address":"15508 2nd Place"},
{"gender":"Female","first_name":"Heather","last_name":"Campbell","email":"hcampbell56@census.gov","skill":"WiFi","company":"Digitube","dob":"12/14/1986","address":"7436 Pennsylvania Trail"},
{"gender":"Male","first_name":"Arthur","last_name":"Barnes","email":"abarnes57@ezinearticles.com","skill":"Financial Risk","company":"Babbleopia","dob":"4/27/1964","address":"46 Gerald Point"},
{"gender":"Female","first_name":"Dorothy","last_name":"Lawson","email":"dlawson58@tripadvisor.com","skill":"Hand-drawn Typography","company":"Zoombeat","dob":"9/14/1964","address":"60 Sutherland Center"},
{"gender":"Female","first_name":"Deborah","last_name":"Rodriguez","email":"drodriguez59@bigcartel.com","skill":"DHCP","company":"Yodel","dob":"3/31/1973","address":"07 Ohio Center"},
{"gender":"Female","first_name":"Jacqueline","last_name":"Mitchell","email":"jmitchell5a@answers.com","skill":"Gutters","company":"Buzzshare","dob":"11/14/1948","address":"11826 Pearson Way"},
{"gender":"Male","first_name":"William","last_name":"Nguyen","email":"wnguyen5b@yahoo.com","skill":"Fashion GPS","company":"Flipbug","dob":"2/4/1991","address":"3588 Banding Hill"},
{"gender":"Male","first_name":"John","last_name":"Bishop","email":"jbishop5c@wikipedia.org","skill":"SBIR","company":"Yakitri","dob":"3/8/1956","address":"8 Waubesa Hill"},
{"gender":"Male","first_name":"Shawn","last_name":"Carter","email":"scarter5d@flickr.com","skill":"RCS","company":"Yabox","dob":"12/23/1924","address":"7 Kennedy Point"},
{"gender":"Female","first_name":"Jane","last_name":"Simpson","email":"jsimpson5e@theatlantic.com","skill":"OCP","company":"Photobug","dob":"6/13/1987","address":"08 Grover Junction"},
{"gender":"Female","first_name":"Julia","last_name":"Jenkins","email":"jjenkins5f@studiopress.com","skill":"QPST","company":"Topicware","dob":"5/1/1965","address":"8608 Summerview Avenue"},
{"gender":"Male","first_name":"Jeremy","last_name":"Coleman","email":"jcoleman5g@privacy.gov.au","skill":"DME","company":"Buzzdog","dob":"10/22/1944","address":"3705 Melvin Center"},
{"gender":"Male","first_name":"Clarence","last_name":"Smith","email":"csmith5h@arstechnica.com","skill":"Karaoke","company":"Divavu","dob":"1/17/1988","address":"5448 International Park"}]